epoch,train_loss,val_loss,train_roc_auc,val_roc_auc,train_gini,val_gini
1,0.27226303444940764,0.26907538771629336,0.7411946576468728,0.7451290887796511,0.4823893152937455,0.49025817755930223
2,0.2543579927072875,0.2502402667341561,0.7436873850124499,0.7465671899027603,0.4873747700248998,0.49313437980552055
3,0.2528899412109874,0.24815562542142539,0.7453038872806992,0.749122882289138,0.49060777456139837,0.4982457645782761
4,0.2573549116919986,0.2532051242631057,0.7444611319053301,0.7498444042324965,0.4889222638106603,0.4996888084649931
5,0.25481603201963277,0.2501650712613402,0.7467666829773816,0.7506891103787179,0.49353336595476316,0.5013782207574358
6,0.25828019251637974,0.25345201887961094,0.7463344173343714,0.7515705023646666,0.4926688346687429,0.5031410047293332
7,0.25624029939600756,0.25146581458634343,0.7479950497846701,0.7519019308703462,0.49599009956934026,0.5038038617406924
8,0.2534755945562324,0.24898814158192997,0.748218246972882,0.7517022553749313,0.49643649394576395,0.5034045107498626
9,0.2557433796668586,0.25109278775494676,0.746944207354485,0.7503616928041628,0.49388841470896994,0.5007233856083255
10,0.25518015772104263,0.25074378806969216,0.7490479989653502,0.7520555616867433,0.4980959979307005,0.5041111233734865
11,0.2544593075707043,0.24998096443455795,0.7492822894664447,0.7519873961148582,0.4985645789328894,0.5039747922297164
12,0.2576358424738034,0.25323754471951515,0.7472988051230276,0.7495027053122717,0.4945976102460552,0.4990054106245434
13,0.255452062163219,0.2509777747865381,0.7500475211403657,0.7520941517058936,0.5000950422807313,0.5041883034117871
14,0.25516270337922886,0.2504068282657656,0.7495544921319034,0.7522232915337591,0.4991089842638068,0.5044465830675182
15,0.2538590444277092,0.2495864979665855,0.7483702558403983,0.7522978786468885,0.4967405116807966,0.5045957572937769
16,0.25520764260274686,0.25074261663288905,0.7505562785797869,0.7535389984858938,0.5011125571595738,0.5070779969717876
17,0.2525985298579429,0.24872511332405026,0.7509792217016762,0.7524412593059681,0.5019584434033524,0.5048825186119361
18,0.25321138957583195,0.24888128278584315,0.7509357418556386,0.7528985459685928,0.5018714837112772,0.5057970919371857
19,0.252250541827247,0.2483443899401303,0.7515575974665589,0.7536417431458049,0.5031151949331178,0.5072834862916098
20,0.25504556007132817,0.2506237795640682,0.7509342950081922,0.7530676533071059,0.5018685900163844,0.5061353066142118
21,0.25291755880373573,0.24873735663192026,0.7517813740167191,0.7537359797699978,0.5035627480334381,0.5074719595399957
22,0.25445934985139246,0.25014700833065756,0.7523439801901359,0.7544171695726064,0.5046879603802719,0.5088343391452128
23,0.2536175283453157,0.2490136021683956,0.7516212091391014,0.7543619888838056,0.5032424182782027,0.5087239777676111
24,0.25338554216411185,0.2491644259156852,0.7521465495906043,0.7530383816127897,0.5042930991812087,0.5060767632255794
25,0.25317114048117034,0.24933662363167466,0.7520410928116233,0.7533414094849527,0.5040821856232467,0.5066828189699053
26,0.25417400568211984,0.24982557034698025,0.7528353927031158,0.7541456619470566,0.5056707854062317,0.5082913238941131
27,0.25233145018227393,0.24827954877039482,0.7537374150926375,0.7546731399043566,0.507474830185275,0.5093462798087132
28,0.2524720131730686,0.2486709753501004,0.7537918437448046,0.753476059278807,0.5075836874896091,0.506952118557614
29,0.25323119725059023,0.24937696641889112,0.7539166183734516,0.754096943313956,0.5078332367469032,0.5081938866279121
30,0.252017525442402,0.2480639750587529,0.7533418831997982,0.7540111742110256,0.5066837663995964,0.5080223484220512
1,0.3413810438779837,0.3392941536574528,0.7329163354276713,0.7382274309767372,0.46583267085534263,0.4764548619534743
1,0.2608911197140239,0.2571171409097211,0.7378323047706777,0.7413899691393289,0.4756646095413555,0.4827799382786577
2,0.2644916699189425,0.26092910489131665,0.741202088787071,0.7450851508523351,0.4824041775741419,0.49017030170467013
3,0.2598813637145228,0.25588205497840355,0.7412898482166743,0.7456538117539567,0.48257969643334864,0.49130762350791346
4,0.2615694871732459,0.25769396208483597,0.7383065030696376,0.7413295215712736,0.47661300613927526,0.48265904314254726
5,0.26238679522638764,0.2584148087378206,0.7341256151066227,0.7344833280583511,0.46825123021324533,0.4689666561167023
6,0.26518658650932403,0.261096185034719,0.7270103236194098,0.7296027541402937,0.4540206472388195,0.4592055082805875
7,0.2639448923271045,0.25965165444489186,0.7186140638655221,0.72192690560148,0.43722812773104414,0.44385381120295997
8,0.2643585183990113,0.26013953809080453,0.7292714143353982,0.7324084004617352,0.45854282867079643,0.46481680092347033
9,0.26137569084623974,0.25725162661281126,0.7348656757955254,0.7357457787583357,0.46973135159105084,0.4714915575166714
10,0.2623936852225094,0.25844111750865806,0.7339741320923954,0.734474212305796,0.46794826418479074,0.46894842461159203
11,0.266643986156313,0.2626988859012209,0.729504100800407,0.7305849460922753,0.4590082016008139,0.4611698921845506
12,0.26391313156029683,0.2598139369282229,0.7397196237077429,0.7414489176725191,0.4794392474154858,0.48289783534503816
13,0.2650603594977513,0.2610343447019314,0.7241728919137685,0.7275640464671638,0.4483457838275371,0.45512809293432754
14,0.2636983272862794,0.2598775139142727,0.7295161668361921,0.7292012963977625,0.4590323336723843,0.4584025927955251
15,0.26544703747088655,0.2615591968955665,0.7269673491576524,0.7281066160592496,0.45393469831530475,0.4562132321184993
16,0.26579969496108613,0.2617005517770504,0.7326632421394725,0.736072730416649,0.4653264842789451,0.472145460833298
17,0.2628129204457992,0.25878971599299333,0.7406645357906263,0.7421900283552574,0.4813290715812526,0.48438005671051476
18,0.2640386946483842,0.2602336748920638,0.7331666991067827,0.7327701135231257,0.46633339821356534,0.4655402270462514
19,0.2649199840894723,0.26116191549547785,0.7324507184269711,0.7328130183318189,0.46490143685394214,0.4656260366636378
20,0.26211683348239895,0.258129823824455,0.7433757450189726,0.7443092585092916,0.48675149003794527,0.4886185170185833
21,0.2679076182358471,0.2640483156360429,0.7344790617159024,0.7368680089267932,0.46895812343180476,0.4737360178535863
22,0.26473583543089746,0.26089890825337375,0.738767031185482,0.7397154864238489,0.4775340623709641,0.47943097284769776
23,0.26674568818244426,0.2629422845511601,0.7380656533636276,0.7387548481623535,0.47613130672725523,0.47750969632470697
24,0.26046699306052506,0.25624457345954305,0.736116174051251,0.7396646205245909,0.4722323481025019,0.47932924104918184
25,0.2665528008534062,0.2628053698046454,0.7421929672555982,0.7409792538436469,0.4843859345111965,0.48195850768729387
26,0.26327093272750013,0.25928097336456696,0.7429884554620548,0.7443526089769986,0.48597691092410966,0.48870521795399724
27,0.26409010259234944,0.2600706773585287,0.7327716447870701,0.7357176819832376,0.46554328957414026,0.47143536396647523
28,0.2649085145757672,0.2611504596882853,0.7386573812632751,0.7386447298714865,0.47731476252655014,0.4772894597429731
29,0.26837776390434426,0.2646590464074036,0.7392861699722579,0.7391674473802299,0.47857233994451587,0.47833489476045976
30,0.2611711644969733,0.2574413186003422,0.7348205780078255,0.7351133481032834,0.46964115601565104,0.4702266962065669
1,0.259213335788833,0.25535636441460974,0.7377842731287796,0.7415746948005529,0.4755685462575592,0.48314938960110587
2,0.2674186067281603,0.26399138960345037,0.7437241510235588,0.7478529566720583,0.48744830204711764,0.4957059133441166
3,0.258582563933206,0.25457523968713036,0.7449561599795014,0.748076474924712,0.48991231995900275,0.49615294984942393
4,0.25596668070005824,0.251194025627498,0.7453213106345932,0.7494181516430152,0.49064262126918634,0.49883630328603035
5,0.25782463045618287,0.25319325353564887,0.746056200117626,0.7493240973338733,0.49211240023525193,0.49864819466774657
6,0.25625386289500174,0.25216954633079725,0.7461152813532737,0.748677830992165,0.4922305627065473,0.49735566198433
7,0.2578920762904539,0.25392463248351527,0.7451225110588447,0.7482528343508134,0.4902450221176895,0.4965056687016267
8,0.2575970299456668,0.25302068365031277,0.747201385989879,0.7498550392771443,0.4944027719797579,0.4997100785542885
9,0.25690229781336393,0.25289430803266066,0.7479659256110578,0.7502346597279989,0.4959318512221156,0.5004693194559977
10,0.2583744633752895,0.25364747545842464,0.747990599221408,0.7508945186696285,0.49598119844281596,0.5017890373392571
11,0.2553486718362998,0.25092574311741467,0.7474185239064693,0.7507541158230503,0.4948370478129387,0.5015082316461006
12,0.2572218974108316,0.2532242643935927,0.7467793035675663,0.7497629904335648,0.49355860713513255,0.4995259808671295
13,0.25598136974066404,0.25138263615040946,0.7479962576786862,0.7512658539142717,0.4959925153573723,0.5025317078285434
14,0.2567776989048341,0.25206302219423754,0.7478121131346188,0.7511678291884614,0.49562422626923763,0.5023356583769227
15,0.25550379984383154,0.25077516441715175,0.7477064661273483,0.7516012325793917,0.4954129322546965,0.5032024651587834
16,0.255258033561843,0.2507802469463184,0.7466790847412236,0.7505525158909849,0.49335816948244715,0.5011050317819699
17,0.25554447462559365,0.25118161388512317,0.7491220500549358,0.7517500826900044,0.49824410010987163,0.5035001653800089
18,0.25405681225530313,0.2495160926004936,0.7494955736471256,0.752924779078724,0.4989911472942512,0.505849558157448
19,0.25713313183709435,0.25270691863421735,0.7496208027100199,0.7519121810276639,0.4992416054200397,0.5038243620553278
20,0.2576817286304517,0.2532097339630127,0.7499164451718177,0.7527244553520163,0.4998328903436353,0.5054489107040325
21,0.25533082700188153,0.25071032812883115,0.7495617760954776,0.7525932898013608,0.49912355219095517,0.5051865796027215
22,0.25677775598589514,0.2520459558943222,0.7495692912253592,0.7531773461961869,0.4991385824507184,0.5063546923923739
23,0.2548360285522662,0.2505395225409804,0.750391270334176,0.7529517617062874,0.5007825406683519,0.5059035234125748
24,0.255711011297838,0.2512875037974325,0.7500679306334265,0.752266014027401,0.5001358612668529,0.504532028054802
25,0.253474269655381,0.24947472430508713,0.7511159385508533,0.7519660449966511,0.5022318771017067,0.5039320899933022
26,0.2569542360898111,0.2527047420884001,0.7503339498782746,0.7518495861934513,0.5006678997565492,0.5036991723869026
27,0.2553347410957846,0.2510678866813923,0.7519201876043762,0.7533425236324872,0.5038403752087524,0.5066850472649744
28,0.2555582128062022,0.25174415635651554,0.7505708895586009,0.7502720343134752,0.5011417791172017,0.5005440686269504
29,0.25488039587976163,0.25114030981885976,0.7520327373399296,0.7515123438633646,0.5040654746798592,0.5030246877267293
30,0.25516028863907975,0.251202962521849,0.7522456271584548,0.7533401737940507,0.5044912543169096,0.5066803475881014
1,0.272230938503385,0.273581396357242,0.7390811892007916,0.7373227180984391,0.47816237840158315,0.47464543619687816
2,0.2622738168201759,0.26383901765509243,0.7406906850607777,0.7379730796214551,0.48138137012155546,0.47594615924291017
3,0.2591181735272648,0.2607045369968924,0.7442975668360934,0.7408950742292534,0.48859513367218677,0.48179014845850676
4,0.2571683884651616,0.25862326404461167,0.7440500100810759,0.7403393710129567,0.4881000201621517,0.4806787420259133
5,0.25603481256921506,0.2574382912953459,0.7450063537717123,0.7418732353682936,0.49001270754342463,0.4837464707365873
6,0.25603830216609474,0.2577552676245084,0.7419183361202215,0.7380459267920095,0.483836672240443,0.47609185358401906
7,0.25876227628272974,0.2602402356947919,0.7459191797931424,0.7420562732373637,0.49183835958628475,0.48411254647472735
8,0.2590108576669715,0.26075088451630285,0.7461391457703035,0.7417708054436172,0.492278291540607,0.48354161088723435
9,0.2595709154806822,0.26112094740397146,0.7465564164180931,0.7420640918464992,0.49311283283618623,0.4841281836929985
10,0.2592526070316178,0.26074609487629785,0.7474138998016098,0.7431594923608069,0.49482779960321954,0.48631898472161383
11,0.25729038994701176,0.25900747244542005,0.7481423665768681,0.7437009174882985,0.4962847331537361,0.48740183497659695
12,0.2578558547579287,0.2595208654904224,0.7476505170950452,0.743176094705587,0.4953010341900903,0.486352189411174
13,0.2575356945643564,0.25922551118832315,0.7485590526342124,0.7440309690661772,0.4971181052684248,0.4880619381323543
14,0.2587163860247733,0.26054656112052565,0.7482972088446964,0.7430032792251603,0.49659441768939283,0.4860065584503206
15,0.25718692188518477,0.2590606114454015,0.747647143713378,0.7421037885480836,0.4952942874267561,0.48420757709616713
16,0.25608256395661994,0.2579530757196933,0.7486758247703251,0.7434191439241111,0.49735164954065025,0.48683828784822225
17,0.2575135478065674,0.259303301506474,0.7482500213269273,0.7429238316014012,0.4965000426538546,0.48584766320280237
18,0.2572147684417952,0.2591422104251845,0.7498514720876923,0.7440943420922359,0.49970294417538463,0.4881886841844718
19,0.2569943699485678,0.2589339780170769,0.7499385861872914,0.7441304783083842,0.49987717237458273,0.4882609566167684
20,0.2568629070744306,0.25876944255669676,0.749814853364452,0.7434580200874275,0.49962970672890394,0.4869160401748549
21,0.25542950660812125,0.2574834811669783,0.749638260883478,0.7431499603810146,0.4992765217669559,0.4862999207620291
22,0.2561945881806973,0.25807979526081143,0.7497290017799743,0.7441319169613827,0.4994580035599485,0.4882638339227654
23,0.258811333808858,0.26075787612344814,0.7507382443980941,0.744132495314347,0.5014764887961882,0.488264990628694
24,0.2568249018760117,0.25879219236289003,0.750782861497818,0.7447016090900024,0.5015657229956361,0.48940321818000476
25,0.25679219611043363,0.25885167488004757,0.7497635833918477,0.7423104376769195,0.49952716678369535,0.484620875353839
26,0.2561286312685921,0.2583145710366062,0.7516059351423896,0.7443938204865417,0.5032118702847792,0.48878764097308336
27,0.2577778701859446,0.25969066517289385,0.7507638618077473,0.7439857274055481,0.5015277236154947,0.4879714548110963
28,0.2588472018729698,0.2608010174170446,0.751339748363153,0.7442623355548232,0.502679496726306,0.4885246711096465
29,0.2559806860665501,0.25793457718825835,0.7501771326848183,0.7441919933755451,0.5003542653696367,0.4883839867510902
30,0.25764343484802005,0.25966549295523045,0.751588276951116,0.7438939897812984,0.5031765539022319,0.4877879795625968
1,0.28158827125250857,0.2828069930172108,,0.7376618301872365,0.736791822609603,,0.47532366037447304,0.47358364521920593,
2,0.25659851280586654,0.25800867829726076,,0.7424078829497843,0.7400126883410946,,0.48481576589956865,0.48002537668218914,
3,0.25921804552101196,0.2605557454092213,,0.7432809859670277,0.7407939130663923,,0.4865619719340555,0.4815878261327846,
4,0.2607649143292926,0.26220065549856125,,0.7448770508198181,0.7417753238261504,,0.4897541016396363,0.4835506476523008,
5,0.2578586553815562,0.25946999679510246,,0.7457146547908586,0.7417780963056729,,0.49142930958171727,0.48355619261134586,
6,0.2579675062281408,0.25933909820785156,,0.7454694476333281,0.7422624090779438,,0.49093889526665624,0.48452481815588766,
7,0.2588524354096506,0.2603605960437735,,0.7454732728906164,0.7419709336427811,,0.49094654578123276,0.4839418672855622,
8,0.2591567894407043,0.26084023064074247,,0.7460493917247755,0.7414843472204194,,0.49209878344955094,0.4829686944408389,
9,0.25936026110640426,0.26071401656735194,,0.7465957011185017,0.7432680998180826,,0.4931914022370034,0.48653619963616523,
10,0.25877906224311453,0.2603692366390624,,0.7473599113443794,0.7431710124289137,,0.4947198226887588,0.4863420248578274,
11,0.25611189617528257,0.2578872475850476,,0.7463345825326229,0.7420241999507894,,0.4926691650652457,0.4840483999015788,
12,0.25850943979515495,0.26015606734802177,,0.7451959567552423,0.7406689490643461,,0.4903919135104846,0.4813378981286922,
13,0.25741293121218434,0.2590557107320525,,0.7481518245939286,0.7438846782985739,,0.4963036491878572,0.4877693565971477,
14,0.2582592654558486,0.2600019319474874,,0.7478893886493336,0.7432561387558405,,0.49577877729866726,0.486512277511681,
15,0.2573691792243415,0.2591498569317317,,0.7487697677317836,0.7434936502447319,,0.4975395354635672,0.4869873004894638,
16,0.25765799791101485,0.2594625767685186,,0.749454598362322,0.7444408767295962,,0.49890919672464396,0.4888817534591925,
17,0.2564382437310345,0.2583996926818474,,0.7496549981918389,0.7435825214071023,,0.4993099963836778,0.4871650428142047,
18,0.25815452639940006,0.2597618095289352,,0.7488807822916673,0.7443490704259321,,0.49776156458333465,0.48869814085186425,
19,0.2561555313611254,0.258126584862743,,0.749527884645188,0.7440644773910439,,0.4990557692903761,0.48812895478208773,
20,0.2588728307305402,0.2604557588829131,,0.7500129874749208,0.7450899261143243,,0.5000259749498417,0.4901798522286487,
21,0.25731599503405134,0.25917720938383293,,0.7499338738654531,0.7446229133250969,,0.49986774773090614,0.4892458266501938,
22,0.257910394097187,0.25964038684212487,,0.7499817339681569,0.744818183359361,,0.49996346793631385,0.489636366718722,
23,0.2554314391809621,0.2573741237116143,,0.7503311764388094,0.7451667386173902,,0.5006623528776188,0.4903334772347805,
24,0.2556974169498738,0.25754053857542286,,0.7498493266240716,0.7446762121654593,,0.4996986532481431,0.48935242433091863,
25,0.25975617790026795,0.2613199030875452,,0.7503884733108526,0.7450568768571231,,0.5007769466217051,0.49011375371424615,
26,0.25586476427009647,0.2579210776426672,,0.7501681762697212,0.7441521231680717,,0.5003363525394424,0.48830424633614333,
27,0.2574394795031875,0.25904986969795,,0.7510933250795051,0.7455398196558098,,0.5021866501590102,0.4910796393116197,
28,0.25669715709356317,0.25860464721033766,,0.7508950298868355,0.7446761687889871,,0.5017900597736711,0.48935233757797425,
29,0.25535934578150543,0.2573713488677843,,0.7507886196302701,0.7446144043071101,,0.5015772392605402,0.48922880861422025,
30,0.25669708073092673,0.2587722266197912,,0.7516035956681625,0.7448351399453319,,0.503207191336325,0.4896702798906638,
1,0.48230562211922656,0.4881385622317331,,0.7919306095790366,0.7873820052990141,,0.5838612191580732,0.5747640105980283,
2,0.4758959826495912,0.4819498239902028,,0.8163888387185586,0.81079503502131,,0.6327776774371172,0.62159007004262,
3,0.44398108285702303,0.4533744642609044,,0.8212759791772959,0.8154873890099381,,0.6425519583545918,0.6309747780198762,
4,0.43413678988998317,0.44620622459210846,,0.8293752309012603,0.8217568238194686,,0.6587504618025206,0.6435136476389371,
5,0.4417940015318217,0.4520823469287471,,0.8403903103212608,0.8305515111542514,,0.6807806206425215,0.6611030223085028,
6,0.4253980649842156,0.43739303266792967,,0.8528259173426163,0.8424506771591069,,0.7056518346852325,0.6849013543182139,
7,0.41281145475344894,0.42776015557740865,,0.8674037965761842,0.8542221946938963,,0.7348075931523683,0.7084443893877925,
8,0.4051888260392495,0.4225108121570788,,0.8734328279687804,0.8592346597461209,,0.7468656559375608,0.7184693194922418,
9,0.39331947579795934,0.4110082999656075,,0.882441326996405,0.8676093986984004,,0.76488265399281,0.7352187973968007,
10,0.39041008850858533,0.40936288655849923,,0.8914695057510855,0.8744279387619193,,0.782939011502171,0.7488558775238385,
11,0.384303458954817,0.4051683607854341,,0.8982313895892499,0.8795950620971154,,0.7964627791784997,0.7591901241942307,
12,0.3631158689565865,0.3885117418933333,,0.9013375627345828,0.882912743880227,,0.8026751254691655,0.765825487760454,
13,0.3632213107229751,0.391781491145753,,0.9060174684260272,0.885262409052822,,0.8120349368520543,0.7705248181056441,
14,0.356059232979645,0.3832977816723941,,0.9147910248986353,0.8933397101003313,,0.8295820497972706,0.7866794202006626,
15,0.34463441215547513,0.37688982957287837,,0.9166801899961756,0.8936028318728236,,0.8333603799923512,0.7872056637456473,
16,0.3526544890102045,0.3842854604386447,,0.9232742159703036,0.8986068593046119,,0.8465484319406071,0.7972137186092239,
17,0.33494343732794124,0.3710047644481324,,0.9274361045400944,0.9027383707907117,,0.8548722090801888,0.8054767415814235,
18,0.3383972839348846,0.37318748758550274,,0.931353805416357,0.9048510755279217,,0.8627076108327141,0.8097021510558433,
19,0.33935244091682965,0.3754632164511764,,0.927961812372284,0.9006831738575933,,0.8559236247445681,0.8013663477151867,
20,0.32969372461975355,0.3702054086484407,,0.9329196509490538,0.9052038529097441,,0.8658393018981076,0.8104077058194883,
21,0.3217529732228061,0.36180324826324195,,0.9322373108692656,0.9052719666613117,,0.8644746217385313,0.8105439333226234,
22,0.3217113665592523,0.36523561754770445,,0.9306260335800938,0.9033786400554489,,0.8612520671601875,0.8067572801108978,
23,0.3148262527437858,0.35635806593978614,,0.935345274006028,0.9067713648091458,,0.8706905480120559,0.8135427296182915,
24,0.31758176788319775,0.36238583504107963,,0.9361389948847687,0.9050225619142217,,0.8722779897695374,0.8100451238284434,
25,0.33479004638430515,0.3785952805427083,,0.9483165901276899,0.9125821984498159,,0.8966331802553797,0.8251643968996318,
26,0.3168235223418401,0.3658478346310164,,0.9373530685680571,0.9076050394183001,,0.8747061371361142,0.8152100788366001,
27,0.3256915166606138,0.36988231592011034,,0.9346071097499873,0.903650105173289,,0.8692142194999746,0.8073002103465781,
28,0.319052130765753,0.36342452754054155,,0.9341580356532267,0.9053811843515419,,0.8683160713064535,0.8107623687030838,
29,0.2887303602456311,0.346242510435874,,0.9546386871763719,0.9204989490213114,,0.9092773743527438,0.8409978980426227,
30,0.27776256300233026,0.3402407880414996,,0.9585423342206564,0.9228212272806464,,0.9170846684413128,0.8456424545612928,
