epoch,train_loss,test_loss,val_loss,train_roc_auc,test_roc_auc,val_roc_auc,train_gini,test_gini,val_gini
1,0.2840097169629245,0.28527356405640214,,0.6529087991746625,0.6510558212906692,,0.305817598349325,0.3021116425813384,
2,0.2720977420783936,0.27379843146051075,,0.659645009511272,0.6554451082129121,,0.31929001902254406,0.31089021642582426,
3,0.27224540736033936,0.2741798074910478,,0.6642332667952304,0.6578777258452962,,0.32846653359046085,0.3157554516905925,
4,0.2712372687803223,0.27334933814202994,,0.6662366236539574,0.656571913293179,,0.33247324730791483,0.313143826586358,
5,0.26898075761147516,0.27152365426193004,,0.6685611113403838,0.657242929246431,,0.3371222226807675,0.31448585849286204,
6,0.26967576395770637,0.2725043417526636,,0.6717558637489782,0.6573966012437408,,0.34351172749795644,0.31479320248748155,
7,0.27044561792951965,0.273408811395706,,0.6733557674308999,0.6526301775829162,,0.34671153486179973,0.3052603551658324,
8,0.2705556447932673,0.27374916950389966,,0.6672824202509524,0.6466849223779836,,0.3345648405019048,0.29336984475596717,
9,0.27014079861707296,0.27384730249378025,,0.6793072799548523,0.6507349113043316,,0.3586145599097046,0.3014698226086632,
10,0.2683909987249682,0.2734867240183431,,0.6830906705551922,0.646518801333118,,0.3661813411103845,0.293037602666236,
11,0.26845185420283046,0.27344639360550954,,0.6876632942998471,0.6488898930542231,,0.37532658859969414,0.29777978610844613,
12,0.26743627135311404,0.27336898129930837,,0.6925085840437768,0.6476679814436898,,0.3850171680875536,0.2953359628873795,
13,0.26620944580072914,0.27329651675344574,,0.6983055694558914,0.648011533948578,,0.3966111389117828,0.29602306789715604,
14,0.2663396778521317,0.2742120868551271,,0.7026977599992826,0.6421403874466032,,0.40539551999856527,0.28428077489320636,
15,0.264495402950557,0.2743500454754787,,0.7101622722466329,0.6435927148780975,,0.42032454449326573,0.2871854297561951,
1,0.5085470854868124,0.5150565991276189,,0.7915383906121624,0.7807622913975113,,0.5830767812243247,0.5615245827950226,
2,0.4866387010724456,0.4957518075641833,,0.8274960365358336,0.8117783241961918,,0.6549920730716672,0.6235566483923836,
3,0.4598687248833386,0.4738060826795143,,0.8479401699072662,0.8277088815429741,,0.6958803398145323,0.6554177630859481,
4,0.4375666143533624,0.45694130815957723,,0.8630379405914494,0.8373847581316034,,0.7260758811828989,0.6747695162632068,
5,0.4158118607269393,0.44208588307363944,,0.8834357333967863,0.8541972589329417,,0.7668714667935725,0.7083945178658835,
6,0.3960519524084197,0.43152209436684325,,0.9112347830552926,0.875040066912687,,0.8224695661105852,0.750080133825374,
7,0.35455888886878517,0.40491939950407596,,0.9401397187916194,0.8973580914800209,,0.8802794375832388,0.7947161829600418,
8,0.2931332342142676,0.3647173894079108,,0.954086173095603,0.9066063834039643,,0.9081723461912059,0.8132127668079285,
9,0.2745965985512292,0.3552602529525757,,0.9659560744827794,0.9162768391749949,,0.9319121489655589,0.8325536783499898,
10,0.2648043588815648,0.3576588677732568,,0.9733792518240065,0.9210515895911252,,0.9467585036480131,0.8421031791822504,
11,0.21952486599301113,0.32561123946256804,,0.9763813611784071,0.923435146658099,,0.9527627223568143,0.846870293316198,
12,0.2089324082121437,0.32468137903171673,,0.9809636752575154,0.9243465039403216,,0.9619273505150308,0.8486930078806432,
13,0.20173028180444683,0.3238192260788198,,0.9817927015724108,0.9274178920542693,,0.9635854031448217,0.8548357841085386,
14,0.19225054956328722,0.31738623532286864,,0.9839086284842833,0.9273838587472576,,0.9678172569685666,0.8547677174945152,
15,0.17434919706005372,0.3147298552488026,,0.9827606129006268,0.9281085984914477,,0.9655212258012535,0.8562171969828953,
