epoch,train_loss,test_loss,train_roc_auc,test_roc_auc,train_gini,test_gini
1,0.26172671115082086,0.263840142184266,0.7437945575171088,0.7386758110053846,0.48758911503421754,0.4773516220107692
2,0.2564765435840225,0.25905304382215266,0.7479627991924331,0.740463514476735,0.4959255983848663,0.48092702895346995
3,0.25324132105066177,0.2558425669765614,0.7511599716163551,0.7424983445550075,0.5023199432327101,0.48499668911001503
4,0.25240907870799023,0.255638297171904,0.75205635390396,0.7402503046564607,0.50411270780792,0.4805006093129214
5,0.249932986031927,0.2538671941891622,0.7581419828229986,0.7463424615143153,0.5162839656459972,0.49268492302863054
6,0.24901942886280343,0.2532734134253833,0.7575817657389066,0.7423154223565303,0.5151635314778131,0.4846308447130605
7,0.24821577751456636,0.2530941002358315,0.7544011492946254,0.7362700325652481,0.5088022985892509,0.4725400651304963
8,0.24552440798369457,0.25111822956393665,0.7633939392668914,0.7448271731332492,0.5267878785337827,0.4896543462664984
9,0.24542031826744096,0.25127745525861706,0.7661966986962989,0.7449729072361246,0.5323933973925978,0.4899458144722493
10,0.24427840851332594,0.2512024425699732,0.7697309835716197,0.7452425751498288,0.5394619671432395,0.49048515029965767
11,0.24348312336466935,0.2514686951474549,0.7710107389382708,0.7434385729690043,0.5420214778765415,0.48687714593800857
12,0.24304737426673956,0.25115836473618486,0.7743128785536286,0.7448201027682612,0.5486257571072573,0.4896402055365223
13,0.24208704062372166,0.2515628384509143,0.7754647077317254,0.7428986407151017,0.5509294154634508,0.4857972814302034
14,0.2408784662259977,0.25079201659303746,0.7787223866572861,0.7461228102879016,0.5574447733145722,0.49224562057580323
15,0.2404470843234866,0.2517874263868134,0.7803262269523543,0.7438045438806695,0.5606524539047086,0.48760908776133904
16,0.23933273954675546,0.2512744221869491,0.7853672965369922,0.743903850699339,0.5707345930739844,0.4878077013986779
17,0.23804735440787986,0.2524464198717024,0.7871020581705953,0.742317717694857,0.5742041163411906,0.484635435389714
18,0.23693835642673347,0.2521292506233521,0.790906499922928,0.7440232552835164,0.5818129998458561,0.48804651056703285
19,0.235475011584693,0.2524455605345593,0.7963412993489072,0.740870440007682,0.5926825986978144,0.48174088001536397
20,0.23396049287561696,0.2528624844568773,0.7994113560012859,0.7437250817980864,0.5988227120025718,0.48745016359617277
21,0.23481337557489618,0.25528184448310814,0.8025436193067351,0.7387695620208912,0.6050872386134702,0.47753912404178234
22,0.23484942028211753,0.25747202778959133,0.8021638740257878,0.7379940268428793,0.6043277480515756,0.4759880536857586
23,0.2295881692168926,0.25411524148298653,0.8112560095541786,0.7396909903488434,0.6225120191083573,0.4793819806976869
24,0.22738760324053536,0.2555186008973716,0.8169975295143262,0.7369676635989741,0.6339950590286525,0.4739353271979483
25,0.22673445452745078,0.2565962018041653,0.820050287184289,0.7371615419714179,0.6401005743685779,0.47432308394283584
26,0.2237024660242584,0.25907945427325074,0.8261586674067525,0.7324263602147816,0.652317334813505,0.46485272042956316
27,0.22184792731216993,0.2589681921664968,0.830458259157353,0.7315816937840106,0.6609165183147061,0.4631633875680212
28,0.22010926799179983,0.2607642384549984,0.8342817350855868,0.7308029089852808,0.6685634701711736,0.46160581797056155
29,0.2183799460708599,0.2616262635774358,0.8406109347538878,0.7265798949255564,0.6812218695077756,0.4531597898511128
30,0.2242271784851938,0.26928140903969544,0.8448453321548263,0.7242057921543312,0.6896906643096525,0.44841158430866246
1,0.2612590379741636,0.2629378214699578,,0.7442654390579098,0.7407627326122068,,0.4885308781158195,0.48152546522441364,
2,0.2547004493563964,0.2571770080119283,,0.7508252876348742,0.7434281120097632,,0.5016505752697484,0.48685622401952644,
3,0.25792640201072914,0.2608827881360266,,0.7526534830633387,0.744253887986839,,0.5053069661266774,0.488507775973678,
4,0.2502638857645001,0.2537919560596568,,0.7528115258387045,0.7400667751873709,,0.505623051677409,0.4801335503747417,
5,0.2488714126515339,0.25305280292776994,,0.7582438950148519,0.743438681410185,,0.5164877900297038,0.48687736282037,
6,0.24973978162292512,0.2544285391045607,,0.7607038146751666,0.7452059690218971,,0.5214076293503331,0.4904119380437941,
7,0.24604901648926064,0.25132557382746334,,0.7622189181454551,0.7441960201580589,,0.5244378362909101,0.4883920403161177,
8,0.24828829289909207,0.254470323685015,,0.7645844871328018,0.7445926401621239,,0.5291689742656036,0.4891852803242478,
9,0.24550416098828123,0.2518575608907185,,0.7669397276139857,0.7438029895570781,,0.5338794552279713,0.48760597911415626,
10,0.24431267925358835,0.25156792160399943,,0.7677958627127837,0.7436363299210147,,0.5355917254255673,0.4872726598420294,
11,0.2433988654503403,0.25151799517498524,,0.7719748544001126,0.743770005364585,,0.5439497088002252,0.4875400107291701,
12,0.2421641945141163,0.2512539765114954,,0.7743388205750648,0.7443234349307912,,0.5486776411501295,0.48864686986158246,
13,0.24137504563185228,0.25153950537701386,,0.7771080368610683,0.7434626577552597,,0.5542160737221367,0.4869253155105193,
14,0.2414794962128293,0.25304706503004276,,0.778492155249658,0.7406567638903303,,0.556984310499316,0.4813135277806606,
15,0.23964838977829475,0.2514711426521267,,0.7847742882118405,0.744795508308456,,0.569548576423681,0.48959101661691196,
16,0.23864064191959403,0.2525302760236695,,0.7866869195258279,0.7418543738322467,,0.5733738390516558,0.48370874766449345,
17,0.23792636378607193,0.2537908315525918,,0.7894759858557298,0.738879680425286,,0.5789519717114595,0.4777593608505719,
18,0.23577239203511988,0.2529965972953451,,0.7935149310313475,0.7402384809530477,,0.587029862062695,0.48047696190609535,
19,0.23459939320225745,0.2534626959560533,,0.7984203851997289,0.7380932613674283,,0.5968407703994578,0.4761865227348565,
20,0.23640710817461952,0.25761794772010177,,0.7998840019929053,0.7340824377808786,,0.5997680039858106,0.4681648755617571,
21,0.23390182499210743,0.25627960185091997,,0.8045596038753025,0.7388593983097707,,0.6091192077506049,0.4777187966195413,
22,0.22923780716064074,0.2559340544243948,,0.8121874752781094,0.7362690023740305,,0.6243749505562188,0.47253800474806096,
23,0.2286044791356334,0.25638944363823984,,0.8120667186936663,0.7346081678548023,,0.6241334373873326,0.46921633570960464,
24,0.23190850550144074,0.26079325917389695,,0.8131183639762287,0.7323261605637235,,0.6262367279524574,0.4646523211274469,
25,0.22395712855145042,0.2584566103421616,,0.8227053909704054,0.735230099714919,,0.6454107819408108,0.4704601994298381,
26,0.2234597272752289,0.2609263126370815,,0.8320792434710901,0.7295158748309718,,0.6641584869421802,0.4590317496619436,
27,0.21927111355527754,0.260290597419003,,0.8363565791792865,0.729294994604509,,0.672713158358573,0.45858998920901795,
28,0.2176441460359419,0.26267412499433457,,0.8393936816172463,0.7296125031524755,,0.6787873632344925,0.459225006304951,
29,0.2192978925894438,0.26601595099938025,,0.8379432548754322,0.7307589722335273,,0.6758865097508644,0.4615179444670545,
30,0.21429140747182698,0.2656941813601938,,0.8507865925976652,0.7279353916120095,,0.7015731851953304,0.45587078322401897,
1,0.41080504407485324,0.42964803126820345,,0.8771010569688548,0.8613771554113524,,0.7542021139377095,0.7227543108227048,
2,0.3184872790711162,0.36562553414127286,,0.9210383785359001,0.8956111740868704,,0.8420767570718002,0.7912223481737408,
3,0.22756154936404877,0.31570099320328027,,0.9639467865647809,0.9231070693495094,,0.9278935731295619,0.8462141386990187,
4,0.4444957987209897,0.5326933489556898,,0.9653977207549098,0.9171466211431119,,0.9307954415098196,0.8342932422862237,
5,0.17888421385928435,0.3107085810941562,,0.9768172829823334,0.9283785552078692,,0.9536345659646668,0.8567571104157383,
6,0.18847749584618909,0.3178837056222715,,0.9793834821655709,0.9317308359485245,,0.9587669643311418,0.8634616718970489,
7,0.38414588791352733,0.5360178147491655,,0.9742119119232899,0.9146899066073261,,0.9484238238465799,0.8293798132146522,
8,0.2044486795540577,0.3427468752651884,,0.9801467092098142,0.9278119147873871,,0.9602934184196283,0.8556238295747742,
9,0.21424814235465026,0.36983240853276167,,0.9797546443770515,0.9233912144667763,,0.959509288754103,0.8467824289335526,
10,0.46805557420040356,0.6403437988799915,,0.968004468842291,0.8983474142605778,,0.9360089376845819,0.7966948285211557,
11,0.19991682642311961,0.35622243844626245,,0.9814862393354644,0.9222133886464134,,0.9629724786709288,0.8444267772928269,
12,0.15634369496026157,0.34565522979226027,,0.9829886732221456,0.9238988386817475,,0.9659773464442911,0.847797677363495,
13,0.1529893437055526,0.3549958127632476,,0.9875269587468338,0.9321686023227873,,0.9750539174936677,0.8643372046455746,
14,0.1383455963000471,0.3595222877828698,,0.9887493469475827,0.9300089014538728,,0.9774986938951653,0.8600178029077457,
15,0.13691456238796681,0.3402444926793115,,0.9890056050869723,0.9291993612674193,,0.9780112101739447,0.8583987225348386,
16,0.1308580690442964,0.37982898218589917,,0.9898514669183338,0.9281601198274088,,0.9797029338366676,0.8563202396548175,
17,0.13520307044418137,0.46232080198170844,,0.987930702873797,0.922377710125974,,0.9758614057475941,0.844755420251948,
18,0.35556624075512827,0.5989351089586291,,0.977732441183768,0.9050503259278365,,0.955464882367536,0.810100651855673,
19,0.22331318185653215,0.5214860329502508,,0.9819849795144859,0.9085873387047507,,0.9639699590289719,0.8171746774095014,
20,0.09949368085528229,0.399705031461883,,0.9945180501877827,0.931985614375669,,0.9890361003755654,0.8639712287513379,
21,0.11051555226246516,0.4181865958268182,,0.9932202831359294,0.9303314165322304,,0.9864405662718587,0.8606628330644608,
22,0.10097200755765777,0.45838796282023714,,0.9937488526278536,0.9263650750014896,,0.9874977052557072,0.8527301500029791,
23,0.0945007175747535,0.43998580700472784,,0.9943552976526726,0.9279895761919954,,0.9887105953053452,0.8559791523839908,
24,0.09096791695251509,0.4241773054787987,,0.9947781325980574,0.934663309719309,,0.9895562651961147,0.869326619438618,
25,0.08078719596206038,0.43200008126727324,,0.9963956784924708,0.9309117268405703,,0.9927913569849416,0.8618234536811407,
26,0.1795410799483458,0.5645396563044766,,0.990198812501364,0.9053452184052125,,0.980397625002728,0.8106904368104251,
27,0.10086648785911592,0.4334628325805329,,0.994639230135592,0.9220326161638788,,0.9892784602711839,0.8440652323277575,
28,0.2257738610798562,0.7108681881636904,,0.9838270682736613,0.8979363277364099,,0.9676541365473226,0.7958726554728197,
29,0.06649340697805639,0.46974839165545346,,0.9977095743704285,0.927530409372603,,0.995419148740857,0.855060818745206,
30,0.23784046905276215,0.6381603594411883,,0.9832444907706313,0.8848416121945204,,0.9664889815412625,0.7696832243890408,
